{
  "project_info": {
    "project_number": "920381985533",
    "firebase_url": "https://quizapp-f9461.firebaseio.com",
    "project_id": "quizapp-f9461",
    "storage_bucket": "quizapp-f9461.appspot.com"
  },
  "client": [
    {
      "client_info": {
        "mobilesdk_app_id": "1:920381985533:android:55b3e42eb3028485",
        "android_client_info": {
          "package_name": "com.rkcodesolution.quizapp"
        }
      },
      "oauth_client": [
        {
          "client_id": "920381985533-ah2us5oemdi2d4jiha0t63t7poda1h9f.apps.googleusercontent.com",
          "client_type": 1,
          "android_info": {
            "package_name": "com.rkcodesolution.quizapp",
            "certificate_hash": "66dd501846346f02d0b7d3b5b139ee718fd2b268"
          }
        },
        {
          "client_id": "920381985533-84h6vumlo78thoeq02hb36otrall2d5f.apps.googleusercontent.com",
          "client_type": 3
        }
      ],
      "api_key": [
        {
          "current_key": "AIzaSyBDPM5yibqyBhsWJ09Ys46BD69Y5dQilLo"
        }
      ],
      "services": {
        "analytics_service": {
          "status": 1
        },
        "appinvite_service": {
          "status": 2,
          "other_platform_oauth_client": [
            {
              "client_id": "920381985533-84h6vumlo78thoeq02hb36otrall2d5f.apps.googleusercontent.com",
              "client_type": 3
            }
          ]
        },
        "ads_service": {
          "status": 2
        }
      }
    }
  ],
  "configuration_version": "1"
}